	statistic	pvalue
DecOT	-1.9800984382449942	0.05136110719067871
NNLS	0.10103339209423028	0.9197935629980882
MuSiC	-1.7303466359789372	0.08768129377106532
SCDC_ENSEMBLE	-1.8847269290309263	0.06334102473698472
BisqueRNA	1.1053323053398254	0.2725488586585831
